Consensus_Repeat,DR_num
AACCGGTGCCCACTTCGCTCGAAAAC,DR1
AAGAAGGAAGAGAAGAAGAGCGGCCATG,DR2
AAGAAGGACGAGAAGAAGGGCGGCCAC,DR3
AAGGATCCGCCGAAGGACTTCCCGAAGGATCCGCCGAAGGACTTCCC,DR4
AATAGGAGGCATCATCCGTTGAG,DR5
ACCGCTTCGCGTGAAGAAAACGCGTCAAAACAATAAT,DR6
ACCTATTGAAACGATGTTGCAGC,DR7
ACGCTAGCAGTTCAGAAATCGCAGGCCAACCGCAAC,DR8
ACGGCCGGCAGCGCCACGATTAT,DR9
ACTTCGGCATCTTGCAGCGCTTTGGTCTT,DR10
AGAAGGGAGTGATCATGAAATATCTCTGCCTGGT,DR11
AGACCGGCACGAACATGAAAGAGGGCGGCCCGAACCTGAAAATGAGCCACCCTG,DR12
AGAGGCGGAGGAGGCTCCACCGC,DR13
AGCATGATCCCGAAAAGTGGGCACCGGTT,DR14
AGGCTCTTGATTTGACGCGTTTTCTTCACGCGAACCGG,DR15
AGTCCTGTCGGGCGCACCAACCCACCCAGCTTATCCTCTTGATGT,DR16
ATCAATTCGATCAGCGTGAACCC,DR17
ATCATGGAACGGCTATCAGCGCCG,DR18
ATCGCGCCGGTTGTGAGAGCGCTATTTGA,DR19
ATCTGAATTCACTCGATTCAGTCC,DR20
ATTTCCGCGGCTGAAACGCCGCGGCCCCATTGAAGC,DR21
CAACAAATGGAAGAAAGTGAACACCT,DR22
CACGACGTGGCCGCCCTTCTTCTC,DR23
CAGCGATCAGCCCAACCGGAAGTA,DR24
CAGCTCCAGGAACAGAATGGCCAGCT,DR25
CCACCCTTCTTCTCTTCCTTCTTGTCGCC,DR26
CCCTCACCCACCGACAATCACTCTTGTACGA,DR27
CCGATGAAGCTGGCCAAGAAAGACGGG,DR28
CCGGTTCACGTGAAGAAAACGCGTCAAATCAAGAGCCT,DR29
CCGGTTCCATTGATCACGGCCACATC,DR30
CCTTCATCTTCTTCTGCTCGGCCTT,DR31
CGCTCGGCATGATCGGCGATCCTCGGGCG,DR32
CGGACCCGCAGCCGATTCCGCCGGC,DR33
CGGGCAGCTTCCGCTTCTGCTCTT,DR34
CGGGGATGGTACGAGAAAGCCGCCGCCCAGGGCCATGCGTGGGCGCAGGCCCA,DR35
CGGTTCACCCCCACACGCGTGGGGACCAC,DR36
CGGTTCACCCCCACGCGTGTGGGGACGAC,DR37
CGGTTCATCCCCACTCGCGCGGGGAACAC,DR38
CGTCCTACCGCTAGACGATCCCCCA,DR39
CTCCGCCTTCGGTGCCGGGGACCAT,DR40
CTGGACGGCATTATATGGAGGGG,DR41
GAAACACCCCCACGGGCGTGGGGAAGAC,DR42
GAACGAAAAGCTGAAATGGAACAAAAAGCTGAGGCTGAACGAAA,DR43
GACAGATCGATCGGCAGAGGCCAAAACCGCTTGCGACT,DR44
GACCTTCGACTCTCCGTGATCGGG,DR45
GACTGGGGTGCGGCAATGGCTGAACA,DR46
GAGCAGCGCCTGGAGGCCAAGATCGA,DR47
GAGCGTCACGCCCACTGCCCCGATCCCGGCCGTCT,DR48
GATCCGTACAAAATCGGTTGCTG,DR49
GCATCTCCTACCTGACCATCGAGC,DR50
GCCCCGAGCCCACCGGACAAGTCGTCATCACCATC,DR51
GCCCTTCTTCTCTTCCTTCTTCTT,DR52
GCCGATGACTGGGGTGCGGCAATGGCTGA,DR53
GCCGTCATTACCGTGCCTGCCTA,DR54
GCCTCCCAACCCCGTTAGCCGGTT,DR55
GCCTTCTTCAGCAGCGGCTCCATCTCCCCTTTGGCCGCCATCGG,DR56
GCGCGGGGGTCGCCGATCATGCCGAGTG,DR57
GCTACCAGCACACCATCCCAATCCG,DR58
GGACCACTGGTTGTCCCCCCAGT,DR59
GGGCAAACCTCTACGGGGCAAACCT,DR60
GGGGGAGCCGCAAAGGCACTGCTCATCTCTGCCCCA,DR61
GTAGCGCCCGCCCTTTGGGGTGGGCGAGGATTGAAAC,DR62
GTAGCGCCCGCTCGAAAGGGCGGGCGAGGATTGAAAC,DR63
GTAGCGCCCGTCCCTCGGGACGGGCGAGGATTGAAAC,DR64
GTAGCGCCCGTCCTTCGGGACGGGCGAGGATTGAAAC,DR65
GTCAGTTGCTCCGCTTCGGCGATGCGGCGCTTGGCTTG,DR66
GTCGCGCCCCTCGCGGGCGCGTGGATCGAAAC,DR67
GTCTTAATCCCTTTTCTGTCAGGGCATGGTTCGAAC,DR68
GTCTTAATCCCTTTTTCTTCAGGTCGGAATCCCATC,DR69
GTGAGTTCATCTGTGATGCCGAAAGGCGTTGAGCAC,DR70
GTGATGACCTATGAGATGCCGAAAGGCGTTGAGCAC,DR71
GTGGTCCCCACGCGTGTGGGGGTGAACCG,DR72
GTGTTCCCCACACCCGTGGGGATGAACCG,DR73
GTGTTCCCCACGCTCGTGGGGATGAACCG,DR74
GTGTTCCCCGCGCGAGTGGGGATGAACCG,DR75
GTGTTCCCCGCGCGAGTGGGGATGAACCGG,DR76
GTTTCAATCCTCGCCCGCCCTTTCGAGCGGGCGCTAC,DR77
GTTTCAATCCTCGCCCGGCCCGAAGGACGGGCGCTAC,DR78
GTTTCAATCCTCGCCCGTCACTAAGGACGGGCGCTAC,DR79
GTTTCGACCCACGCCCCCGCGAAGGGGGCGAC,DR80
GTTTGCTGCCGCACAGGCAGCTTAGAAA,DR81
TATCCTGCTCCCCTTGAAATTAAGACCACC,DR82
TCACCCTTTCCGGCTCCGGTTTGGTTTTC,DR83
TCATGGAACGGCTATCAGCGCCG,DR84
TCGAAGAACGGCGTCGCTGCGCT,DR85
TCGCGACCGTGACATGAAACACCAC,DR86
TCGGCCTCGATCTTCGACTCGAT,DR87
TGCGCGGCGGCGGAGACATCCGCGCCATGGTTGTCACG,DR88
TGGTTCATTGAAGAAGTGGGGGTGGATCGGGATC,DR89
TGGTTGTCGAACCTACCCCGCTACCCCCTACCCC,DR90
TGTATCAGAAACGAATATTCGAC,DR91
TGTTTCAATCCTCGCCCGCCCCGAAGGACGGGCGCTAC,DR92
TTCATGGTACGGCTATCAGCGCCG,DR93
TTCCGCCTGACGCGGAACCGGAA,DR94
TTCTTCTCGTCGCCGAACACGAC,DR95
TTTCCACTCTCGTACTGACCTCG,DR96
TTTGTGACGGATTATCCGTAACA,DR97
